Flight Number,Aircraft Type,Approach Speed (knots),Altitude at Threshold (feet),Vertical Speed at Threshold (feet/min),Wind Speed (knots),Wind Direction (degrees),Runway Condition,Flaps Setting (degrees),Aircraft Weight (tons),Pilot Experience (years),Hard Landing (Yes=1/No=0)
AF231,Boeing 767,132,34,-230,8,140,Icy,11,80,13,0
SQ930,Boeing 737,155,61,-254,6,4,Dry,22,90,21,0
CX942,Airbus A350,125,40,-246,27,240,Snowy,36,102,18,0
AF704,Airbus A320,178,59,-122,37,204,Dry,11,83,5,1
UA191,Boeing 767,132,63,-257,35,111,Icy,21,78,10,1
DL683,Airbus A330,138,43,-235,26,202,Snowy,35,59,16,0
EK970,Airbus A320,120,49,-199,30,252,Icy,33,82,6,0
EK158,Airbus A330,121,42,-294,12,181,Icy,16,61,10,0
LH173,Airbus A320,140,46,-179,16,238,Wet,37,60,17,0
SQ240,Boeing 767,133,67,-125,23,138,Icy,30,75,7,0
SQ325,Airbus A350,146,44,-128,8,243,Icy,34,67,5,1
QF792,Airbus A320,168,66,-291,16,43,Icy,7,43,5,0
UA939,Boeing 787,163,34,-297,18,262,Snowy,24,47,28,0
SQ361,Airbus A350,141,30,-163,10,199,Dry,17,44,18,1
EK435,Boeing 767,134,67,-177,15,0,Snowy,23,44,12,1
CX762,Airbus A350,133,41,-266,38,51,Icy,5,93,8,0
CX317,Boeing 777,160,35,-299,24,162,Icy,27,49,12,0
BA930,Airbus A330,123,46,-262,36,352,Icy,22,108,14,0
CX495,Boeing 777,161,46,-206,0,23,Snowy,9,73,12,1
BA638,Airbus A380,137,40,-122,3,199,Icy,9,89,11,1
EK355,Airbus A320,125,35,-159,26,274,Wet,23,114,1,0
UA684,Boeing 777,146,53,-214,20,288,Snowy,10,63,2,1
DL967,Boeing 737,147,33,-254,33,2,Wet,19,97,13,0
UA341,Boeing 767,163,68,-213,24,166,Wet,15,117,16,1
EK622,Airbus A380,165,48,-263,18,268,Snowy,34,61,3,1
SQ611,Airbus A330,161,60,-207,9,64,Icy,24,63,11,0
EK105,Boeing 787,133,46,-210,8,252,Dry,39,45,11,0
EK142,Boeing 777,165,61,-218,7,72,Icy,8,101,13,1
EK149,Airbus A320,168,51,-294,28,259,Wet,13,42,11,0
LH970,Boeing 767,176,63,-226,19,131,Snowy,31,40,11,1
LH527,Boeing 767,178,40,-129,22,230,Wet,23,49,29,1
SQ437,Boeing 767,137,61,-299,3,134,Snowy,9,111,9,0
LH246,Boeing 787,142,49,-124,14,314,Icy,12,69,15,1
CX641,Boeing 737,151,32,-221,2,2,Icy,34,61,8,1
LH268,Boeing 737,145,49,-155,23,175,Snowy,20,118,16,1
DL462,Boeing 737,148,61,-281,24,180,Icy,8,77,14,0
EK367,Boeing 787,133,49,-153,20,58,Icy,8,116,27,1
SQ547,Airbus A350,127,69,-235,35,110,Dry,11,119,10,0
AA293,Boeing 777,146,69,-145,32,82,Snowy,7,58,9,0
CX473,Boeing 777,137,63,-137,34,254,Wet,29,106,13,1
DL136,Airbus A350,124,60,-291,28,80,Icy,8,56,17,0
CX172,Airbus A350,163,69,-287,37,313,Wet,12,115,17,0
UA624,Airbus A320,167,42,-119,36,171,Dry,32,49,12,0
SQ247,Airbus A350,150,46,-230,18,289,Icy,7,113,29,1
BA494,Boeing 787,148,46,-290,35,69,Wet,12,70,1,0
EK192,Boeing 777,177,36,-179,39,221,Dry,15,62,13,0
SQ146,Airbus A350,128,34,-257,35,79,Snowy,10,60,3,1
BA135,Airbus A380,178,50,-199,1,89,Snowy,27,108,23,0
DL251,Airbus A320,147,60,-167,29,280,Snowy,6,119,29,0
LH281,Boeing 777,126,42,-132,20,356,Dry,11,73,25,0
EK606,Airbus A380,127,63,-285,37,188,Icy,33,104,13,1
EK962,Airbus A320,173,56,-286,35,320,Wet,10,55,20,0
BA334,Boeing 737,175,48,-300,34,77,Wet,15,117,14,0
UA677,Boeing 737,176,36,-265,27,12,Snowy,12,49,8,0
UA562,Airbus A380,146,32,-203,14,198,Wet,34,89,20,1
CX201,Boeing 737,179,56,-158,30,113,Dry,23,50,4,1
SQ284,Airbus A380,131,55,-294,27,49,Icy,7,74,22,1
SQ790,Airbus A320,157,43,-212,4,131,Icy,34,79,22,0
UA623,Boeing 777,149,57,-297,4,115,Dry,37,88,21,1
SQ520,Airbus A330,169,67,-232,6,177,Icy,30,84,9,0
DL323,Airbus A320,140,51,-199,3,227,Dry,24,41,11,0
AA686,Airbus A380,149,35,-205,39,75,Dry,37,112,10,1
UA814,Boeing 767,175,55,-145,36,17,Wet,32,40,3,0
DL395,Boeing 787,176,42,-186,27,68,Dry,31,51,15,0
AA622,Boeing 787,175,36,-233,13,303,Wet,33,66,12,0
UA477,Airbus A330,148,39,-266,0,330,Icy,28,82,9,0
BA600,Boeing 767,143,40,-131,10,116,Snowy,23,59,22,1
CX191,Airbus A350,177,38,-287,29,245,Icy,10,41,24,0
BA372,Airbus A350,129,56,-173,14,358,Wet,6,100,22,0
AA881,Airbus A350,120,46,-187,0,36,Dry,26,102,21,0
AF360,Airbus A380,158,61,-155,0,281,Icy,39,51,5,0
BA693,Boeing 737,139,60,-194,32,35,Wet,6,89,16,0
AA482,Airbus A380,127,67,-132,11,320,Icy,34,103,8,0
EK764,Airbus A330,170,68,-262,29,8,Snowy,39,49,25,1
AF672,Airbus A330,158,36,-258,5,262,Snowy,19,64,25,0
UA172,Airbus A350,123,36,-233,5,101,Icy,35,108,22,0
CX394,Boeing 777,150,31,-273,30,82,Snowy,14,66,23,0
QF837,Airbus A330,157,31,-112,18,17,Wet,32,92,7,0
SQ419,Airbus A320,176,51,-157,16,259,Dry,12,94,20,1
LH616,Airbus A380,161,30,-138,17,126,Dry,17,118,12,1
BA303,Airbus A330,125,52,-197,11,264,Icy,34,69,7,1
LH875,Airbus A350,179,66,-122,9,47,Icy,33,41,1,0
AF736,Boeing 767,136,56,-256,9,43,Wet,26,118,28,1
AF983,Boeing 777,146,50,-216,26,189,Dry,28,40,6,0
BA694,Boeing 787,151,50,-248,12,259,Dry,25,55,23,0
EK183,Airbus A380,126,69,-147,0,300,Wet,18,73,10,1
CX925,Boeing 737,145,64,-128,39,75,Snowy,6,72,22,0
LH445,Airbus A350,131,60,-219,28,305,Dry,13,109,21,0
SQ415,Airbus A380,137,57,-167,13,50,Icy,14,70,12,0
SQ729,Airbus A350,151,66,-217,23,138,Snowy,22,87,12,1
CX516,Boeing 787,151,39,-101,27,171,Dry,30,98,4,0
EK196,Airbus A350,140,38,-232,25,207,Snowy,28,113,1,0
DL602,Airbus A350,146,50,-205,20,102,Snowy,15,47,22,0
AF271,Boeing 777,159,53,-207,12,62,Dry,31,70,18,1
QF302,Airbus A380,173,69,-194,24,338,Dry,18,70,6,0
LH779,Airbus A330,170,43,-209,5,253,Wet,36,81,16,1
AF356,Airbus A380,130,39,-140,34,318,Icy,26,48,28,1
DL286,Airbus A350,158,57,-131,12,341,Dry,38,105,2,0
AF481,Boeing 767,124,56,-143,15,225,Dry,6,48,2,1
AF899,Boeing 737,179,67,-159,21,89,Icy,37,89,9,1
QF134,Airbus A380,159,64,-192,36,1,Wet,11,104,12,1
UA910,Airbus A320,135,36,-163,12,138,Snowy,39,90,8,0
QF990,Boeing 767,133,67,-246,34,120,Icy,35,88,26,1
QF951,Boeing 767,155,36,-164,5,13,Wet,31,69,12,0
DL340,Airbus A380,158,51,-275,20,179,Snowy,22,111,20,1
AF362,Boeing 777,179,33,-139,31,322,Icy,17,66,6,1
AA493,Boeing 767,131,41,-283,34,210,Wet,30,54,19,0
SQ493,Airbus A320,159,41,-125,23,212,Dry,5,59,23,1
LH934,Boeing 737,131,59,-284,19,135,Dry,35,48,16,1
CX210,Boeing 777,168,44,-251,21,296,Snowy,33,79,29,0
SQ264,Boeing 737,174,49,-238,6,312,Dry,28,69,20,1
QF164,Boeing 767,156,56,-229,4,341,Snowy,20,63,14,1
UA521,Boeing 767,138,46,-206,9,37,Wet,27,117,9,1
EK187,Boeing 767,131,65,-214,24,211,Dry,12,80,5,0
DL615,Airbus A380,171,47,-135,32,183,Snowy,7,41,25,1
UA948,Airbus A380,154,46,-291,10,0,Icy,18,70,17,0
BA694,Airbus A380,178,40,-126,26,213,Wet,25,81,25,0
UA590,Boeing 787,136,39,-160,27,239,Dry,34,102,11,1
UA128,Boeing 787,148,65,-212,16,165,Dry,37,115,21,1
BA409,Airbus A330,129,55,-175,34,174,Snowy,24,111,17,1
DL459,Boeing 787,157,56,-183,22,232,Icy,27,77,22,1
LH640,Airbus A320,128,45,-150,28,348,Dry,27,83,22,1
BA162,Boeing 787,137,57,-116,28,63,Snowy,39,99,3,0
CX319,Airbus A350,168,34,-222,14,57,Dry,26,76,21,1
BA943,Airbus A330,164,68,-255,37,100,Wet,33,72,14,1
AA266,Airbus A350,148,51,-267,25,39,Dry,39,113,25,0
BA482,Airbus A380,145,69,-110,5,193,Snowy,6,56,25,1
CX121,Airbus A330,150,53,-296,2,189,Snowy,22,75,12,0
DL929,Airbus A380,179,68,-231,35,197,Snowy,39,43,21,1
CX471,Boeing 737,157,52,-175,11,347,Icy,18,79,14,0
BA269,Boeing 777,179,58,-224,13,351,Icy,22,77,16,0
EK353,Boeing 777,179,36,-131,35,73,Wet,36,43,2,0
SQ920,Airbus A320,150,43,-160,31,181,Dry,26,80,25,1
EK222,Boeing 777,177,43,-300,30,7,Icy,39,98,25,1
SQ653,Airbus A330,179,47,-103,5,355,Dry,6,41,9,1
QF706,Boeing 767,178,60,-150,29,197,Dry,10,43,28,0
LH910,Airbus A320,138,34,-203,27,169,Snowy,36,51,4,0
AA833,Airbus A330,132,48,-123,1,284,Snowy,33,43,20,0
BA387,Boeing 737,121,32,-185,26,246,Dry,9,99,13,0
AA382,Airbus A380,147,57,-235,28,341,Snowy,12,52,19,0
AF333,Airbus A380,130,38,-162,39,267,Dry,8,79,13,0
LH367,Airbus A320,123,45,-102,39,3,Dry,26,90,11,1
DL923,Boeing 787,136,53,-178,33,274,Snowy,26,40,10,0
BA632,Airbus A330,147,60,-284,32,46,Icy,31,94,29,0
EK576,Boeing 737,126,43,-101,4,145,Dry,7,94,22,1
AA583,Airbus A330,120,58,-145,0,111,Icy,33,111,15,1
LH842,Airbus A330,127,44,-262,11,155,Icy,37,99,24,1
AF827,Airbus A350,145,63,-193,35,54,Snowy,38,105,14,1
QF635,Airbus A380,123,34,-216,4,111,Icy,37,53,6,1
UA388,Airbus A380,179,40,-131,26,201,Icy,22,96,14,1
DL378,Airbus A330,176,48,-185,15,199,Icy,14,70,9,0
LH541,Boeing 767,172,66,-102,28,71,Icy,27,63,8,1
QF913,Boeing 737,156,38,-134,16,357,Dry,10,75,10,1
SQ892,Airbus A350,164,39,-138,6,110,Snowy,27,73,15,0
AF373,Airbus A350,141,43,-187,31,174,Snowy,14,46,17,0
QF574,Airbus A320,169,42,-197,2,162,Snowy,6,64,19,1
SQ873,Airbus A330,174,59,-260,17,161,Dry,10,74,8,0
DL442,Boeing 787,128,44,-260,1,74,Dry,9,97,4,0
UA878,Boeing 767,167,43,-145,32,325,Wet,12,113,11,1
EK670,Boeing 767,158,39,-206,33,302,Dry,24,64,29,0
LH427,Airbus A320,162,42,-136,38,211,Dry,18,45,22,0
CX592,Boeing 737,153,67,-202,4,223,Icy,16,88,18,1
AF218,Boeing 777,156,59,-241,30,175,Dry,28,65,6,1
BA125,Airbus A320,124,41,-211,4,104,Wet,16,108,2,1
CX590,Boeing 777,147,54,-145,15,191,Wet,36,78,18,1
BA984,Boeing 767,133,38,-116,21,119,Icy,8,40,3,0
QF951,Boeing 737,133,45,-173,38,301,Dry,7,99,21,0
CX649,Airbus A350,161,62,-114,10,183,Dry,12,118,4,1
DL544,Boeing 777,128,46,-269,16,110,Snowy,7,113,2,0
CX619,Airbus A380,126,41,-252,2,320,Dry,30,90,12,0
LH696,Airbus A330,150,45,-174,32,357,Icy,10,68,26,0
UA372,Boeing 777,132,55,-169,39,150,Snowy,21,55,2,1
SQ267,Boeing 787,154,51,-236,23,5,Dry,13,106,3,1
DL965,Boeing 787,123,52,-263,1,35,Snowy,22,76,25,0
DL301,Boeing 767,160,47,-133,36,291,Wet,33,47,18,0
EK424,Boeing 737,136,58,-288,25,124,Icy,19,71,8,0
SQ106,Boeing 787,125,57,-216,8,104,Wet,11,83,9,0
DL470,Airbus A330,160,38,-224,27,195,Dry,18,81,19,1
SQ161,Airbus A350,175,57,-180,0,156,Wet,33,119,10,0
QF287,Airbus A350,149,58,-186,35,91,Wet,8,68,23,0
EK733,Boeing 767,173,69,-125,26,251,Snowy,9,94,22,1
SQ128,Boeing 777,142,69,-243,22,137,Icy,5,92,16,0
SQ487,Boeing 767,157,65,-151,31,299,Icy,16,82,29,0
UA761,Airbus A330,143,60,-192,1,131,Wet,11,71,2,0
AF184,Airbus A380,179,39,-288,29,107,Dry,25,97,10,0
LH731,Boeing 737,178,47,-155,3,106,Dry,11,63,7,1
CX548,Airbus A330,156,46,-133,3,234,Wet,21,108,13,0
BA921,Airbus A320,163,30,-141,34,132,Dry,5,104,16,1
LH107,Airbus A380,179,56,-189,36,157,Wet,8,57,29,0
SQ436,Boeing 767,154,37,-143,20,316,Icy,10,110,26,1
UA410,Airbus A320,126,48,-117,5,2,Dry,21,108,28,0
LH885,Boeing 737,126,41,-107,24,69,Snowy,30,115,19,1
LH946,Airbus A320,144,42,-263,19,47,Wet,35,42,22,0
DL333,Airbus A380,132,43,-300,37,204,Dry,32,114,23,0
UA871,Airbus A330,137,38,-277,3,145,Snowy,16,79,28,0
AA961,Boeing 787,151,48,-159,19,79,Icy,5,78,14,0
BA354,Boeing 767,168,47,-164,23,184,Wet,38,94,2,0
AA885,Boeing 737,157,64,-247,30,41,Dry,30,40,15,1
UA328,Boeing 787,120,41,-220,30,213,Icy,19,49,22,1
LH163,Boeing 787,130,53,-287,25,104,Wet,39,115,9,1
KL108,Airbus A350,146,35,-218,22,245,Dry,28,109,11,0
EK1973,Boeing 767,140,61,-139,0,304,Snowy,5,85,22,0
NH7820,Antonov An-124,157,68,-126,20,97,Dry,30,44,9,0
BA3438,Bombardier Q400,174,48,-207,6,30,Snowy,24,42,10,0
EK8038,Boeing 737,152,35,-198,27,358,Icy,10,51,11,0
EK5179,Airbus A330,122,60,-259,21,311,Wet,13,116,3,0
DL8549,Mitsubishi MRJ90,165,50,-199,14,24,Dry,30,44,12,0
JL5070,Antonov An-225,165,68,-164,23,14,Snowy,37,80,3,0
DL2081,Embraer 195,134,56,-192,13,257,Dry,35,53,5,0
OZ3985,Bombardier CRJ700,134,48,-270,28,149,Icy,25,114,21,0
KE1402,Antonov An-225,140,46,-166,39,104,Wet,31,46,15,0
KL401,Antonov An-225,140,68,-225,36,65,Dry,20,106,15,0
LX3444,Sukhoi Superjet 100,149,53,-130,16,42,Dry,33,42,10,0
EK2778,Bombardier CRJ1000,145,39,-204,0,136,Snowy,17,63,10,0
NH7451,McDonnell Douglas MD-80,148,59,-149,36,28,Icy,16,59,20,0
AV4921,Antonov An-225,140,55,-234,21,358,Dry,14,109,7,0
AV161,Bombardier CRJ1000,145,37,-128,31,4,Icy,15,90,14,0
DL9395,Cessna 172,142,68,-197,10,340,Icy,26,97,4,0
NH8508,Cessna 172,125,47,-273,31,250,Snowy,22,57,26,0
CA4647,Airbus Beluga,165,40,-191,22,205,Icy,34,113,19,0
LA4695,Boeing 787,157,63,-164,11,94,Wet,12,65,17,0
QF5991,Boeing 747,159,39,-196,11,119,Icy,26,71,9,0
QF4683,Airbus A310,158,50,-284,2,333,Icy,24,47,22,0
KE3626,Ilyushin Il-76,155,43,-151,26,238,Snowy,19,92,13,0
SQ9594,Boeing 747,124,52,-182,7,350,Dry,28,55,20,0
AV467,McDonnell Douglas MD-90,134,37,-222,19,9,Dry,31,41,26,0
LX2325,Airbus A340,174,48,-289,27,72,Snowy,5,81,2,0
CX5842,Embraer 175,125,59,-172,8,355,Dry,39,83,13,0
JL7620,Hawker 4000,179,39,-143,12,9,Icy,35,56,21,0
DL8393,Airbus Beluga,133,52,-278,17,68,Dry,28,113,10,0
LH2765,Boeing 737,178,56,-198,1,273,Dry,12,105,3,0
KL4093,ATR 42,137,50,-247,23,267,Icy,16,48,8,0
LA1648,Embraer 195,149,68,-133,36,125,Icy,35,80,8,0
BA3966,Airbus A330,128,60,-117,24,148,Icy,35,48,16,0
CX8026,Mitsubishi MRJ90,122,59,-105,32,156,Snowy,32,102,3,0
AA1379,Boeing 737,157,60,-128,1,229,Snowy,34,115,2,0
DL7159,Airbus A310,152,66,-287,15,46,Snowy,20,40,13,0
AA5233,Lockheed L-1011 TriStar,124,67,-195,4,83,Icy,30,61,3,0
EK1702,Boeing 737,130,39,-179,4,94,Dry,20,98,14,0
LX7259,Boeing 757,124,39,-294,0,284,Dry,38,116,16,0
EK992,Mitsubishi MRJ70,157,61,-167,22,113,Icy,32,68,11,0
KL2970,Ilyushin Il-76,174,50,-139,31,198,Snowy,18,119,24,0
AF3359,ATR 42,131,56,-193,30,57,Dry,21,79,19,0
OZ7523,Piper PA-28,169,62,-119,7,158,Wet,29,44,26,0
AV5769,Airbus A310,132,45,-275,11,342,Wet,12,41,27,0
SQ7563,McDonnell Douglas MD-80,144,50,-160,34,10,Snowy,25,71,20,0
QF2598,Boeing 767,121,61,-117,30,323,Wet,30,97,14,0
LH7415,Lockheed C-130 Hercules,133,47,-225,34,225,Wet,21,117,24,0
DL7129,Airbus Beluga,153,54,-299,37,126,Wet,31,67,19,0
LA9453,Embraer 195,158,65,-240,14,224,Snowy,25,108,17,0
MU2096,Bombardier Q400,126,36,-130,6,6,Snowy,39,108,4,0
AF2100,Embraer 175,169,32,-233,13,319,Dry,6,71,20,0
AF7740,Airbus A330,158,47,-262,35,345,Wet,14,87,14,0
AV8450,Airbus A330,179,47,-201,22,24,Icy,25,72,2,0
AV3423,Mitsubishi MRJ70,159,67,-142,39,226,Icy,7,102,20,0
AF9022,Boeing 737,124,44,-283,2,142,Icy,17,52,14,0
AV995,Airbus A380,145,66,-110,26,116,Icy,22,116,23,0
OZ3120,Bombardier CRJ700,152,36,-104,12,101,Snowy,5,77,3,0
KE4729,Beechcraft King Air,177,36,-278,8,279,Icy,16,114,24,0
QF764,Antonov An-124,121,34,-185,1,182,Icy,20,47,17,0
OZ9569,Beechcraft King Air,170,33,-126,28,287,Icy,34,63,2,0
CX9300,Boeing 767,149,63,-147,3,103,Icy,9,41,19,0
JL7156,Boeing 747,134,53,-116,25,17,Icy,23,63,2,0
EK6319,Boeing 757,152,45,-201,21,52,Snowy,19,75,24,0
NH961,Bombardier Q400,129,57,-240,34,286,Icy,11,72,16,0
AA5704,Boeing 777,129,60,-112,23,313,Dry,7,80,6,0
KE3520,Sukhoi Superjet 100,168,53,-294,4,211,Dry,6,109,14,0
AF1310,Airbus A320,133,61,-258,38,251,Wet,17,63,7,0
KL1987,Bombardier Q400,125,67,-265,23,326,Icy,39,107,2,0
CA8367,Airbus A380,131,56,-276,16,5,Dry,22,40,20,0
AV5269,Dassault Falcon 7X,125,51,-217,3,346,Snowy,18,90,13,0
MU8758,Lockheed L-1011 TriStar,120,57,-143,20,248,Icy,18,53,20,0
LX6724,Boeing 777,137,44,-107,34,303,Snowy,29,112,16,0
SQ5771,Bombardier CRJ900,156,31,-142,7,321,Snowy,16,58,14,0
DL941,Embraer 195,173,65,-232,39,357,Icy,36,85,3,0
UA9018,McDonnell Douglas MD-90,155,45,-179,16,170,Snowy,29,108,21,0
AA7815,Embraer 190,130,52,-204,14,11,Snowy,39,117,20,0
UA5807,Lockheed L-1011 TriStar,134,62,-115,37,32,Icy,15,107,20,0
DL7380,Airbus A310,125,61,-271,24,52,Dry,36,117,21,0
AF6648,Airbus A340,130,60,-124,30,322,Wet,22,107,23,0
EK8726,Cessna 172,143,39,-157,36,44,Icy,27,55,26,0
CX6334,Embraer 175,154,64,-232,7,274,Snowy,10,70,16,0
LA1698,Cessna 172,177,50,-250,5,212,Wet,33,93,7,0
BA6192,Boeing 777,143,52,-152,21,287,Dry,5,64,12,0
AA3182,Bombardier CRJ900,153,52,-106,11,168,Dry,18,60,15,0
BA6951,Bombardier Q400,140,66,-269,29,119,Dry,38,115,7,0
JL1332,Piper PA-28,175,54,-174,1,98,Snowy,16,46,24,0
SQ4166,ATR 72,162,30,-169,27,94,Icy,16,114,19,0
AA577,Hawker 4000,134,55,-295,12,312,Snowy,18,96,14,0
CA6540,Piper PA-28,130,62,-173,30,333,Wet,29,110,25,0
UA7261,Bombardier Q400,171,41,-128,23,174,Snowy,32,93,8,0
SQ9367,Gulfstream G650,141,44,-258,35,283,Snowy,34,79,24,0
BA1339,Mitsubishi MRJ90,173,69,-161,5,96,Dry,22,88,6,0
KE9695,Airbus A380,133,48,-215,14,98,Wet,37,66,19,0
LA550,Fokker 100,122,62,-283,38,187,Icy,18,56,2,0
AF3023,Beechcraft King Air,163,32,-257,5,103,Dry,20,115,22,0
OZ5181,Sukhoi Superjet 100,148,48,-288,29,156,Dry,39,53,6,0
JL8569,Embraer 170,124,67,-109,36,308,Dry,7,77,22,0
AF4243,Embraer 195,141,56,-171,3,345,Snowy,22,69,18,0
LX3478,Airbus A310,129,36,-211,28,144,Dry,23,80,4,0
BA9628,ATR 72,162,55,-172,23,118,Dry,32,78,18,0
JL1809,Embraer 175,176,50,-162,39,343,Icy,22,86,13,0
MU9390,Antonov An-225,165,42,-133,0,234,Icy,19,116,3,0
EK4517,Sukhoi Superjet 100,140,48,-202,0,23,Icy,33,108,16,0
LH5843,Bombardier CRJ700,169,54,-160,1,88,Icy,38,49,12,0
AF8823,Antonov An-124,163,66,-254,1,342,Wet,23,63,6,0
CX4119,McDonnell Douglas MD-90,147,57,-254,3,303,Snowy,29,100,12,0
DL3448,Lockheed C-130 Hercules,127,49,-244,16,105,Dry,10,92,6,0
CA6967,Airbus A330,125,68,-212,33,212,Icy,7,84,22,0
LX3077,Hawker 4000,151,40,-132,19,38,Dry,13,41,28,0
LA8588,ATR 72,170,33,-216,6,338,Wet,37,90,21,0
UA3745,Lockheed L-1011 TriStar,174,51,-164,35,137,Snowy,34,78,27,0
LA3353,Airbus A310,173,67,-153,2,323,Icy,21,59,27,0
OZ3934,Boeing 757,132,34,-197,33,140,Snowy,27,112,23,0
BA7898,Airbus A330,132,42,-158,28,139,Snowy,17,104,16,0
SQ6304,Boeing 777,132,39,-278,38,317,Snowy,27,64,6,0
LH8757,Lockheed L-1011 TriStar,153,43,-247,37,201,Wet,24,109,13,0
MU5575,ATR 42,167,68,-158,14,46,Icy,28,109,7,0
DL765,Hawker 4000,172,66,-157,29,308,Dry,6,101,13,0
DL9243,Airbus A380,131,45,-233,29,94,Dry,26,52,13,0
AF196,ATR 72,163,69,-166,10,40,Dry,24,81,6,0
OZ1415,ATR 72,148,62,-142,5,172,Icy,28,94,14,0
LA4467,Embraer 175,128,65,-271,1,194,Dry,11,111,8,0
LX577,Boeing 747,136,40,-216,7,123,Icy,33,66,24,0
JL4375,Airbus A320,176,41,-196,15,316,Icy,30,104,22,0
OZ5263,Bombardier Q400,128,46,-136,6,293,Wet,31,48,9,0
BA2064,Boeing 757,173,65,-211,17,7,Dry,22,69,9,0
DL6547,Lockheed L-1011 TriStar,155,42,-207,27,206,Dry,8,103,24,0
BA8341,Embraer 190,174,34,-213,39,96,Wet,31,100,19,0
SQ2029,Lockheed L-1011 TriStar,175,69,-102,16,109,Dry,29,62,7,0
BA4488,McDonnell Douglas MD-80,124,30,-162,38,236,Wet,24,102,18,0
LH290,Boeing 737,178,59,-169,35,244,Dry,11,62,3,0
LX3607,Embraer 170,178,39,-108,28,268,Icy,16,107,10,0
CX5418,Dassault Falcon 7X,141,51,-192,24,88,Dry,10,65,9,0
AF7993,Beechcraft King Air,163,57,-171,1,22,Dry,39,87,25,0
KL257,Boeing 737,175,33,-231,12,241,Wet,30,70,25,0
AF4658,Embraer 175,173,65,-140,36,300,Icy,10,60,19,0
CA918,Mitsubishi MRJ90,144,38,-276,4,136,Wet,14,58,3,0
EK9016,Dassault Falcon 7X,175,66,-266,36,315,Wet,5,108,1,0
BA5424,Mitsubishi MRJ90,143,43,-175,35,63,Dry,39,110,18,0
JL2765,Mitsubishi MRJ90,142,54,-232,7,200,Icy,9,61,22,0
UA6933,Lockheed C-130 Hercules,165,67,-239,6,322,Snowy,14,45,12,0
AF2147,Embraer 195,174,59,-212,21,291,Icy,14,41,26,0
OZ4226,McDonnell Douglas MD-80,144,58,-120,1,332,Dry,26,40,25,0
LX1501,Lockheed L-1011 TriStar,123,38,-105,31,313,Wet,34,58,16,0
BA7953,Airbus A330,139,63,-120,31,132,Snowy,25,78,1,0
DL8630,Mitsubishi MRJ70,140,33,-222,38,42,Icy,26,69,8,0
UA2659,Boeing 777,170,45,-288,32,32,Dry,7,41,12,0
LX9407,ATR 72,133,66,-169,4,107,Icy,24,99,2,0
KL2678,Antonov An-124,156,55,-109,37,136,Snowy,6,46,2,0
QF3829,Beechcraft King Air,140,48,-227,13,303,Snowy,15,77,16,0
NH3271,Gulfstream G650,159,48,-141,9,344,Dry,31,92,27,0
CX9504,Airbus A320,123,53,-298,8,267,Icy,28,43,23,0
LH3336,Airbus A340,173,62,-226,30,311,Dry,39,102,13,0
AV585,Airbus A350,154,53,-213,28,37,Icy,32,64,22,0
AV6711,Embraer 170,177,61,-157,8,305,Icy,9,80,5,0
EK741,Boeing 747,147,59,-152,39,75,Icy,9,111,2,0
KE8189,ATR 42,145,34,-170,4,235,Dry,12,82,24,0
LX1593,ATR 42,139,36,-142,5,89,Wet,35,47,19,0
KL5853,Dassault Falcon 7X,162,33,-184,35,234,Icy,25,113,28,0
KE3650,ATR 42,136,33,-222,6,321,Icy,26,67,13,0
QF8517,Boeing 757,131,51,-290,31,183,Icy,11,57,17,0
KE4008,Boeing 777,165,36,-273,29,333,Icy,16,69,1,0
CX7286,Airbus A340,140,50,-147,14,149,Dry,33,41,16,0
BA4025,Antonov An-124,162,30,-269,24,124,Dry,36,111,5,0
LA7840,Boeing 747,170,59,-158,25,314,Snowy,15,99,9,0
LX8726,Airbus A330,138,32,-293,2,199,Wet,31,94,21,0
LA2342,Mitsubishi MRJ90,132,30,-220,25,242,Wet,7,90,18,0
KE6219,Hawker 4000,139,46,-217,31,181,Snowy,33,112,25,0
NH927,ATR 72,130,59,-185,21,2,Wet,25,91,7,0
KL4560,Airbus A310,147,40,-128,25,260,Icy,25,117,2,0
CX5519,Ilyushin Il-76,148,31,-188,13,25,Dry,35,76,7,0
KE8378,Airbus A320,135,35,-178,3,341,Icy,37,85,23,0
KE8534,Sukhoi Superjet 100,139,45,-215,36,357,Snowy,31,58,2,0
AA1188,Lockheed L-1011 TriStar,142,68,-291,17,1,Icy,20,94,18,0
MU8989,Airbus A380,133,63,-186,30,207,Snowy,33,92,10,0
MU9026,Mitsubishi MRJ90,123,60,-169,39,205,Icy,28,70,18,0
AA2996,Cessna 172,120,49,-226,22,201,Snowy,22,55,8,0
AF898,Boeing 747,141,52,-126,35,209,Icy,28,56,28,0
MU2508,Boeing 747,138,52,-256,8,302,Icy,19,58,26,0
UA8687,Airbus A380,136,44,-221,27,290,Snowy,26,81,24,0
BA4500,Mitsubishi MRJ90,134,45,-194,23,163,Wet,28,56,26,0
QF5435,Airbus A320,128,55,-184,0,180,Wet,31,88,24,0
LA7002,Boeing 747,165,34,-107,28,110,Snowy,14,66,21,0
UA4564,Airbus A320,164,67,-220,27,203,Icy,5,66,2,0
LX3790,Boeing 787,156,53,-108,4,34,Snowy,21,40,8,0
KE8816,Bombardier CRJ900,124,38,-264,13,73,Wet,22,103,3,0
EK8709,Airbus A310,158,65,-162,13,276,Icy,24,75,20,0
EK7754,Embraer 175,134,50,-290,0,261,Snowy,36,92,24,0
KL2723,Embraer 190,157,66,-256,20,199,Icy,5,45,8,0
AF514,Airbus A350,150,47,-217,7,6,Dry,7,104,6,0
CA347,Ilyushin Il-76,159,54,-130,7,33,Icy,5,99,9,0
MU2472,ATR 72,179,42,-284,14,216,Wet,9,71,4,0
CX2377,Cessna 172,173,51,-201,5,232,Dry,34,79,4,0
DL3377,Piper PA-28,167,30,-284,6,76,Icy,5,43,22,0
AF283,McDonnell Douglas MD-80,161,32,-294,7,136,Icy,18,70,18,0
AV7695,Boeing 747,143,67,-265,35,221,Icy,7,74,27,0
OZ5393,ATR 42,174,51,-191,4,339,Icy,32,68,27,0
QF2751,Antonov An-225,135,32,-101,7,345,Snowy,9,84,29,0
KE2049,Lockheed L-1011 TriStar,126,67,-297,19,144,Icy,7,50,7,0
KL8326,Embraer 195,132,56,-169,6,163,Snowy,33,67,26,0
MU1141,Fokker 100,175,41,-148,32,235,Wet,23,118,29,0
BA3404,McDonnell Douglas MD-90,169,61,-158,24,205,Wet,31,60,5,0
SQ4722,ATR 42,165,53,-135,11,255,Icy,6,77,4,0
DL7275,Piper PA-28,132,57,-249,39,155,Icy,21,91,14,0
UA6559,ATR 42,150,62,-234,14,138,Dry,33,92,19,0
AV8766,Boeing 777,152,38,-156,26,93,Wet,13,82,18,0
LA303,Lockheed C-130 Hercules,159,50,-218,39,46,Wet,29,97,24,0
AF8825,Mitsubishi MRJ90,122,30,-127,39,288,Icy,30,84,6,0
KL8208,Boeing 737,160,49,-210,7,196,Icy,5,48,6,0
NH8684,Mitsubishi MRJ90,176,64,-274,33,27,Wet,8,73,17,0
JL5579,Sukhoi Superjet 100,126,59,-299,18,269,Dry,32,80,6,0
CA9364,Mitsubishi MRJ70,174,43,-290,6,58,Wet,14,119,3,0
BA9665,McDonnell Douglas MD-80,171,56,-157,21,292,Wet,21,93,8,0
UA5777,Beechcraft King Air,176,46,-170,27,221,Wet,20,92,10,0
KE7587,Embraer 190,127,55,-287,6,182,Wet,9,111,27,0
DL3114,Hawker 4000,162,60,-164,3,238,Icy,12,75,15,0
AF4532,McDonnell Douglas MD-80,171,33,-280,11,151,Icy,17,82,12,0
KL7900,Boeing 747,137,34,-152,4,258,Snowy,37,119,10,0
AF5756,Fokker 100,142,38,-209,12,187,Dry,22,54,12,0
UA5807,Lockheed L-1011 TriStar,134,62,-115,37,32,Icy,15,107,20,0
DL7380,Airbus A310,125,61,-271,24,52,Dry,36,117,21,0
AF6648,Airbus A340,130,60,-124,30,322,Wet,22,107,23,0
EK8726,Cessna 172,143,39,-157,36,44,Icy,27,55,26,0
CX6334,Embraer 175,154,64,-232,7,274,Snowy,10,70,16,0
LA1698,Cessna 172,177,50,-250,5,212,Wet,33,93,7,0
BA6192,Boeing 777,143,52,-152,21,287,Dry,5,64,12,0
AA3182,Bombardier CRJ900,153,52,-106,11,168,Dry,18,60,15,0
BA6951,Bombardier Q400,140,66,-269,29,119,Dry,38,115,7,0
JL1332,Piper PA-28,175,54,-174,1,98,Snowy,16,46,24,0
SQ4166,ATR 72,162,30,-169,27,94,Icy,16,114,19,0
AA577,Hawker 4000,134,55,-295,12,312,Snowy,18,96,14,0
CA6540,Piper PA-28,130,62,-173,30,333,Wet,29,110,25,0
UA7261,Bombardier Q400,171,41,-128,23,174,Snowy,32,93,8,0
SQ9367,Gulfstream G650,141,44,-258,35,283,Snowy,34,79,24,0
BA1339,Mitsubishi MRJ90,173,69,-161,5,96,Dry,22,88,6,0
KE9695,Airbus A380,133,48,-215,14,98,Wet,37,66,19,0
LA550,Fokker 100,122,62,-283,38,187,Icy,18,56,2,0
AF3023,Beechcraft King Air,163,32,-257,5,103,Dry,20,115,22,0
OZ5181,Sukhoi Superjet 100,148,48,-288,29,156,Dry,39,53,6,0
JL8569,Embraer 170,124,67,-109,36,308,Dry,7,77,22,0
AF4243,Embraer 195,141,56,-171,3,345,Snowy,22,69,18,0
LX3478,Airbus A310,129,36,-211,28,144,Dry,23,80,4,0
BA9628,ATR 72,162,55,-172,23,118,Dry,32,78,18,0
JL1809,Embraer 175,176,50,-162,39,343,Icy,22,86,13,0
MU9390,Antonov An-225,165,42,-133,0,234,Icy,19,116,3,0
EK4517,Sukhoi Superjet 100,140,48,-202,0,23,Icy,33,108,16,0
LH5843,Bombardier CRJ700,169,54,-160,1,88,Icy,38,49,12,0
AF8823,Antonov An-124,163,66,-254,1,342,Wet,23,63,6,0
CX4119,McDonnell Douglas MD-90,147,57,-254,3,303,Snowy,29,100,12,0
DL3448,Lockheed C-130 Hercules,127,49,-244,16,105,Dry,10,92,6,0
CA6967,Airbus A330,125,68,-212,33,212,Icy,7,84,22,0
LX3077,Hawker 4000,151,40,-132,19,38,Dry,13,41,28,0
LA8588,ATR 72,170,33,-216,6,338,Wet,37,90,21,0
UA3745,Lockheed L-1011 TriStar,174,51,-164,35,137,Snowy,34,78,27,0
LA3353,Airbus A310,173,67,-153,2,323,Icy,21,59,27,0
OZ3934,Boeing 757,132,34,-197,33,140,Snowy,27,112,23,0
BA7898,Airbus A330,132,42,-158,28,139,Snowy,17,104,16,0
SQ6304,Boeing 777,132,39,-278,38,317,Snowy,27,64,6,0
LH8757,Lockheed L-1011 TriStar,153,43,-247,37,201,Wet,24,109,13,0
MU5575,ATR 42,167,68,-158,14,46,Icy,28,109,7,0
DL765,Hawker 4000,172,66,-157,29,308,Dry,6,101,13,0
DL9243,Airbus A380,131,45,-233,29,94,Dry,26,52,13,0
AF196,ATR 72,163,69,-166,10,40,Dry,24,81,6,0
OZ1415,ATR 72,148,62,-142,5,172,Icy,28,94,14,0
LA4467,Embraer 175,128,65,-271,1,194,Dry,11,111,8,0
LX577,Boeing 747,136,40,-216,7,123,Icy,33,66,24,0
JL4375,Airbus A320,176,41,-196,15,316,Icy,30,104,22,0
OZ5263,Bombardier Q400,128,46,-136,6,293,Wet,31,48,9,0
BA2064,Boeing 757,173,65,-211,17,7,Dry,22,69,9,0
DL6547,Lockheed L-1011 TriStar,155,42,-207,27,206,Dry,8,103,24,0
BA8341,Embraer 190,174,34,-213,39,96,Wet,31,100,19,0
SQ2029,Lockheed L-1011 TriStar,175,69,-102,16,109,Dry,29,62,7,0
BA4488,McDonnell Douglas MD-80,124,30,-162,38,236,Wet,24,102,18,0
LH290,Boeing 737,178,59,-169,35,244,Dry,11,62,3,0
LX3607,Embraer 170,178,39,-108,28,268,Icy,16,107,10,0
CX5418,Dassault Falcon 7X,141,51,-192,24,88,Dry,10,65,9,0
AF7993,Beechcraft King Air,163,57,-171,1,22,Dry,39,87,25,0
KL257,Boeing 737,175,33,-231,12,241,Wet,30,70,25,0
AF4658,Embraer 175,173,65,-140,36,300,Icy,10,60,19,0
CA918,Mitsubishi MRJ90,144,38,-276,4,136,Wet,14,58,3,0
EK9016,Dassault Falcon 7X,175,66,-266,36,315,Wet,5,108,1,0
BA5424,Mitsubishi MRJ90,143,43,-175,35,63,Dry,39,110,18,0
JL2765,Mitsubishi MRJ90,142,54,-232,7,200,Icy,9,61,22,0
UA6933,Lockheed C-130 Hercules,165,67,-239,6,322,Snowy,14,45,12,0
AF2147,Embraer 195,174,59,-212,21,291,Icy,14,41,26,0
OZ4226,McDonnell Douglas MD-80,144,58,-120,1,332,Dry,26,40,25,0
LX1501,Lockheed L-1011 TriStar,123,38,-105,31,313,Wet,34,58,16,0
BA7953,Airbus A330,139,63,-120,31,132,Snowy,25,78,1,0
DL8630,Mitsubishi MRJ70,140,33,-222,38,42,Icy,26,69,8,0
UA2659,Boeing 777,170,45,-288,32,32,Dry,7,41,12,0
LX9407,ATR 72,133,66,-169,4,107,Icy,24,99,2,0
KL2678,Antonov An-124,156,55,-109,37,136,Snowy,6,46,2,0
QF3829,Beechcraft King Air,140,48,-227,13,303,Snowy,15,77,16,0
NH3271,Gulfstream G650,159,48,-141,9,344,Dry,31,92,27,0
CX9504,Airbus A320,123,53,-298,8,267,Icy,28,43,23,0
LH3336,Airbus A340,173,62,-226,30,311,Dry,39,102,13,0
AV585,Airbus A350,154,53,-213,28,37,Icy,32,64,22,0
AV6711,Embraer 170,177,61,-157,8,305,Icy,9,80,5,0
EK741,Boeing 747,147,59,-152,39,75,Icy,9,111,2,0
KE8189,ATR 42,145,34,-170,4,235,Dry,12,82,24,0
LX1593,ATR 42,139,36,-142,5,89,Wet,35,47,19,0
KL5853,Dassault Falcon 7X,162,33,-184,35,234,Icy,25,113,28,0
KE3650,ATR 42,136,33,-222,6,321,Icy,26,67,13,0
QF8517,Boeing 757,131,51,-290,31,183,Icy,11,57,17,0
KE4008,Boeing 777,165,36,-273,29,333,Icy,16,69,1,0
CX7286,Airbus A340,140,50,-147,14,149,Dry,33,41,16,0
BA4025,Antonov An-124,162,30,-269,24,124,Dry,36,111,5,0
LA7840,Boeing 747,170,59,-158,25,314,Snowy,15,99,9,0
LX8726,Airbus A330,138,32,-293,2,199,Wet,31,94,21,0
LA2342,Mitsubishi MRJ90,132,30,-220,25,242,Wet,7,90,18,0
KE6219,Hawker 4000,139,46,-217,31,181,Snowy,33,112,25,0
NH927,ATR 72,130,59,-185,21,2,Wet,25,91,7,0
KL4560,Airbus A310,147,40,-128,25,260,Icy,25,117,2,0
CX5519,Ilyushin Il-76,148,31,-188,13,25,Dry,35,76,7,0
KE8378,Airbus A320,135,35,-178,3,341,Icy,37,85,23,0
KE8534,Sukhoi Superjet 100,139,45,-215,36,357,Snowy,31,58,2,0
AA1188,Lockheed L-1011 TriStar,142,68,-291,17,1,Icy,20,94,18,0
MU8989,Airbus A380,133,63,-186,30,207,Snowy,33,92,10,0
MU9026,Mitsubishi MRJ90,123,60,-169,39,205,Icy,28,70,18,0
AA2996,Cessna 172,120,49,-226,22,201,Snowy,22,55,8,0
AF898,Boeing 747,141,52,-126,35,209,Icy,28,56,28,0
MU2508,Boeing 747,138,52,-256,8,302,Icy,19,58,26,0
UA8687,Airbus A380,136,44,-221,27,290,Snowy,26,81,24,0
BA4500,Mitsubishi MRJ90,134,45,-194,23,163,Wet,28,56,26,0
QF5435,Airbus A320,128,55,-184,0,180,Wet,31,88,24,0
LA7002,Boeing 747,165,34,-107,28,110,Snowy,14,66,21,0
UA4564,Airbus A320,164,67,-220,27,203,Icy,5,66,2,0
LX3790,Boeing 787,156,53,-108,4,34,Snowy,21,40,8,0
KE8816,Bombardier CRJ900,124,38,-264,13,73,Wet,22,103,3,0
EK8709,Airbus A310,158,65,-162,13,276,Icy,24,75,20,0
EK7754,Embraer 175,134,50,-290,0,261,Snowy,36,92,24,0
KL2723,Embraer 190,157,66,-256,20,199,Icy,5,45,8,0
AF514,Airbus A350,150,47,-217,7,6,Dry,7,104,6,0
CA347,Ilyushin Il-76,159,54,-130,7,33,Icy,5,99,9,0
MU2472,ATR 72,179,42,-284,14,216,Wet,9,71,4,0
CX2377,Cessna 172,173,51,-201,5,232,Dry,34,79,4,0
DL3377,Piper PA-28,167,30,-284,6,76,Icy,5,43,22,0
AF283,McDonnell Douglas MD-80,161,32,-294,7,136,Icy,18,70,18,0
AV7695,Boeing 747,143,67,-265,35,221,Icy,7,74,27,0
OZ5393,ATR 42,174,51,-191,4,339,Icy,32,68,27,0
QF2751,Antonov An-225,135,32,-101,7,345,Snowy,9,84,29,0
KE2049,Lockheed L-1011 TriStar,126,67,-297,19,144,Icy,7,50,7,0
KL8326,Embraer 195,132,56,-169,6,163,Snowy,33,67,26,0
MU1141,Fokker 100,175,41,-148,32,235,Wet,23,118,29,0
BA3404,McDonnell Douglas MD-90,169,61,-158,24,205,Wet,31,60,5,0
SQ4722,ATR 42,165,53,-135,11,255,Icy,6,77,4,0
DL7275,Piper PA-28,132,57,-249,39,155,Icy,21,91,14,0
UA6559,ATR 42,150,62,-234,14,138,Dry,33,92,19,0
AV8766,Boeing 777,152,38,-156,26,93,Wet,13,82,18,0
LA303,Lockheed C-130 Hercules,159,50,-218,39,46,Wet,29,97,24,0
AF8825,Mitsubishi MRJ90,122,30,-127,39,288,Icy,30,84,6,0
KL8208,Boeing 737,160,49,-210,7,196,Icy,5,48,6,0
NH8684,Mitsubishi MRJ90,176,64,-274,33,27,Wet,8,73,17,0
JL5579,Sukhoi Superjet 100,126,59,-299,18,269,Dry,32,80,6,0
CA9364,Mitsubishi MRJ70,174,43,-290,6,58,Wet,14,119,3,0
BA9665,McDonnell Douglas MD-80,171,56,-157,21,292,Wet,21,93,8,0
UA5777,Beechcraft King Air,176,46,-170,27,221,Wet,20,92,10,0
KE7587,Embraer 190,127,55,-287,6,182,Wet,9,111,27,0
DL3114,Hawker 4000,162,60,-164,3,238,Icy,12,75,15,0
AF4532,McDonnell Douglas MD-80,171,33,-280,11,151,Icy,17,82,12,0
KL7900,Boeing 747,137,34,-152,4,258,Snowy,37,119,10,0
AF5756,Fokker 100,142,38,-209,12,187,Dry,22,54,12,0
AA1707,Antonov An-124,141,40,-298,2,292,Snowy,15,89,3,0
NH9392,Lockheed L-1011 TriStar,136,40,-207,30,328,Icy,20,52,8,0
SQ6956,Boeing 787,161,42,-258,6,78,Icy,28,70,2,0
AF4700,Antonov An-124,124,65,-130,13,148,Snowy,11,88,26,0
LX5235,Boeing 747,153,38,-272,19,322,Wet,34,52,8,0
CA8534,Airbus A350,158,34,-135,5,45,Wet,36,84,1,0
LX4822,Bombardier CRJ1000,163,59,-291,35,68,Snowy,10,45,8,0
SQ9053,Embraer 190,130,44,-140,38,326,Dry,32,48,11,0
BA2952,Airbus A320,142,69,-245,35,104,Wet,34,80,8,0
EK3619,Gulfstream G650,126,30,-102,6,340,Wet,31,115,18,0
NH6908,Cessna 172,149,31,-110,31,261,Dry,9,116,7,0
MU7295,Hawker 4000,179,65,-205,26,138,Dry,29,88,23,0
LH2627,Boeing 787,154,56,-102,33,107,Wet,6,88,14,0
KE4733,Boeing 757,144,42,-194,16,149,Icy,11,87,25,0
MU1864,Mitsubishi MRJ70,133,69,-200,8,314,Snowy,37,106,26,0
MU7182,Fokker 100,140,34,-188,39,356,Wet,38,112,29,0
CA8945,ATR 42,175,37,-196,8,57,Snowy,8,100,9,0
NH1846,Airbus A330,161,56,-213,4,306,Wet,38,88,23,0
QF1393,Sukhoi Superjet 100,150,37,-146,4,157,Dry,19,64,28,0
LA1739,Hawker 4000,167,30,-143,22,263,Dry,22,72,10,0
CA9212,Lockheed L-1011 TriStar,145,60,-208,27,72,Snowy,23,112,16,0
LA739,Mitsubishi MRJ70,173,44,-148,18,324,Snowy,20,84,5,0
JL8163,Piper PA-28,120,51,-170,35,192,Wet,16,45,20,0
DL5648,Hawker 4000,157,56,-237,1,263,Wet,32,106,18,0
AA7051,Airbus A350,162,54,-124,9,20,Dry,31,61,11,0
EK6999,Fokker 100,174,55,-128,3,108,Dry,19,40,14,0
CA4717,Boeing 787,176,35,-261,7,156,Snowy,13,104,8,0
OZ3597,McDonnell Douglas MD-80,124,47,-220,3,305,Snowy,5,111,11,0
NH1707,Dassault Falcon 7X,177,65,-126,17,85,Snowy,17,67,29,0
AV208,Boeing 767,161,62,-242,17,99,Icy,24,89,19,0
MU900,Mitsubishi MRJ70,131,49,-264,32,268,Dry,5,42,20,0
CA7036,Airbus A340,169,62,-299,4,120,Snowy,24,92,19,0
KL5788,Airbus A380,148,52,-235,15,203,Wet,5,84,21,0
BA9259,Piper PA-28,129,59,-290,32,118,Snowy,32,67,4,0
CX5624,McDonnell Douglas MD-90,123,68,-142,8,301,Dry,18,76,20,0
OZ123,Airbus A340,131,59,-265,31,232,Snowy,9,114,19,0
LH3221,Beechcraft King Air,167,66,-265,1,156,Snowy,37,75,28,0
AF1321,Dassault Falcon 7X,136,40,-246,34,43,Icy,24,52,25,0
OZ3559,Boeing 747,166,51,-252,6,227,Wet,23,71,21,0
AA5013,McDonnell Douglas MD-90,136,51,-109,35,145,Dry,12,92,4,0
UA8849,Airbus A320,177,59,-263,9,205,Icy,6,117,20,0
LA2711,Embraer 175,163,58,-139,30,127,Dry,7,48,27,0
AF7104,Boeing 757,169,43,-279,4,2,Dry,27,113,13,0
JL7976,Bombardier CRJ900,125,34,-142,22,20,Icy,31,71,5,0
BA1766,ATR 42,122,34,-271,38,246,Dry,21,44,13,0
QF6605,Embraer 190,152,63,-229,22,328,Wet,33,54,17,0
AF2374,Mitsubishi MRJ90,137,66,-162,14,7,Snowy,20,117,10,0
LA498,Ilyushin Il-76,126,67,-196,37,308,Icy,28,103,6,0
CA5944,Cessna 172,151,68,-173,5,235,Dry,33,94,7,0
KE9976,Beechcraft King Air,128,45,-148,24,319,Wet,9,64,9,0
OZ448,McDonnell Douglas MD-90,175,50,-129,3,226,Icy,11,45,4,0
CA1801,Bombardier CRJ1000,146,46,-233,9,157,Icy,27,101,16,0
KE7290,Boeing 777,121,56,-120,1,60,Wet,38,77,4,0
QF2440,Boeing 747,135,51,-265,35,232,Wet,18,107,9,0
DL8787,Gulfstream G650,127,64,-137,21,176,Dry,16,78,29,0
BA931,Boeing 757,179,39,-149,21,345,Dry,19,83,5,0
SQ3305,Bombardier Q400,130,59,-186,27,321,Wet,15,43,8,0
BA9972,Antonov An-225,179,37,-180,8,304,Dry,30,89,3,0
CX7682,Embraer 195,157,40,-232,39,53,Wet,22,56,24,0
JL7720,Airbus A310,151,41,-198,2,190,Snowy,20,111,9,0
NH3731,Antonov An-225,156,33,-239,4,130,Icy,8,99,24,0
UA5509,Sukhoi Superjet 100,145,37,-196,16,283,Dry,8,85,13,0
LX9718,Antonov An-124,175,32,-217,14,111,Snowy,18,55,1,0
LX1731,Fokker 100,166,36,-113,3,329,Dry,14,50,8,0
KL1709,ATR 42,154,56,-129,17,59,Wet,12,54,3,0
LH4625,Boeing 787,120,31,-167,17,124,Snowy,15,81,8,0
LX7526,Antonov An-225,160,61,-275,5,147,Icy,20,114,21,0
LX3598,Boeing 737,134,43,-104,11,86,Dry,23,59,22,0
LA9637,Antonov An-124,148,38,-219,31,246,Icy,26,70,17,0
LH2957,Airbus Beluga,148,41,-271,38,316,Wet,22,96,17,0
QF1300,Bombardier Q400,145,50,-232,28,68,Icy,37,74,15,0
BA565,Boeing 767,150,59,-170,24,93,Icy,28,86,10,0
OZ5522,Airbus A340,130,31,-171,34,96,Wet,11,86,18,0
OZ632,Airbus A320,143,54,-187,35,244,Snowy,37,97,25,0
KE2583,Embraer 175,155,42,-157,26,25,Wet,15,57,15,0
EK7091,Ilyushin Il-76,174,36,-101,24,287,Snowy,6,65,4,0
CX1609,Bombardier CRJ700,144,35,-248,26,50,Wet,7,115,21,0
SQ3403,Antonov An-225,122,66,-155,10,287,Wet,15,117,9,0
UA8776,Airbus A340,133,59,-280,20,264,Snowy,5,113,13,0
KE3172,Piper PA-28,123,48,-109,27,105,Snowy,39,83,20,0
EK7212,Beechcraft King Air,166,54,-271,24,222,Snowy,39,40,3,0
QF3817,Boeing 757,157,62,-195,22,40,Wet,32,71,29,0
AF5889,Embraer 195,142,60,-101,11,174,Dry,9,63,27,0
KE8867,McDonnell Douglas MD-80,127,35,-122,28,33,Icy,19,78,2,0
KE1540,Airbus A330,142,35,-135,27,126,Icy,26,51,5,0
LX5864,Gulfstream G650,145,34,-220,8,293,Wet,6,73,18,0
CX4991,Airbus A320,164,47,-280,30,290,Snowy,37,93,27,0
MU7604,McDonnell Douglas MD-80,153,63,-152,39,53,Icy,14,72,20,0
CX9686,ATR 72,156,61,-233,4,108,Snowy,8,80,29,0
KL8202,Cessna 172,155,50,-171,11,302,Dry,6,64,11,0
AF1322,Lockheed L-1011 TriStar,121,44,-153,3,195,Wet,5,112,12,0
LX8209,Ilyushin Il-76,128,56,-281,15,172,Wet,8,66,9,0
AV7229,Antonov An-225,160,45,-256,7,51,Wet,17,79,26,0
CA590,Boeing 757,176,43,-297,17,269,Wet,22,72,5,0
JL9858,Bombardier CRJ700,138,60,-281,31,178,Icy,13,47,19,0
SQ9986,Boeing 737,167,47,-119,25,352,Icy,37,57,7,0
EK429,Embraer 190,174,60,-200,11,332,Icy,36,76,10,0
OZ6124,Airbus A310,161,40,-218,17,111,Icy,34,113,12,0
BA5023,Boeing 737,164,46,-194,8,189,Icy,9,73,13,0
UA6633,Cessna 172,149,42,-208,37,137,Snowy,9,99,2,0
CA2941,Hawker 4000,125,47,-135,25,158,Snowy,13,50,16,0
MU684,Beechcraft King Air,168,49,-250,26,309,Snowy,6,114,24,0
JL2255,ATR 72,161,39,-161,31,122,Dry,28,77,19,0
DL2819,Boeing 777,174,69,-111,37,185,Snowy,33,81,3,0
JL9951,Lockheed C-130 Hercules,124,52,-193,39,182,Dry,16,94,20,0
JL9176,Lockheed C-130 Hercules,146,36,-211,10,126,Wet,6,81,22,0
AA8672,Antonov An-124,146,68,-125,4,55,Dry,38,77,26,0
DL586,McDonnell Douglas MD-80,124,39,-178,29,316,Dry,13,88,6,0
EK6559,Bombardier Q400,158,47,-131,20,305,Dry,17,67,10,0
LX5045,Gulfstream G650,150,49,-259,5,133,Wet,20,107,25,0
KE7763,Hawker 4000,138,43,-209,29,244,Snowy,24,64,24,0
JL9640,Antonov An-124,130,33,-275,14,344,Snowy,39,56,21,0
LH666,Airbus Beluga,141,36,-190,32,349,Snowy,14,65,2,0
KL1528,Antonov An-124,134,41,-157,26,192,Dry,30,92,18,0
AV9773,Piper PA-28,134,45,-264,0,69,Dry,16,59,19,0
DL7697,Boeing 747,129,67,-222,26,178,Dry,39,116,6,0
DL1026,Hawker 4000,140,58,-144,6,63,Snowy,21,73,24,0
SQ3872,Bombardier CRJ900,135,52,-260,36,17,Dry,8,96,22,0
EK8451,Airbus Beluga,122,63,-259,15,85,Dry,19,52,18,0
QF552,Piper PA-28,139,35,-255,7,67,Icy,22,112,23,0
OZ1687,Mitsubishi MRJ90,173,50,-168,33,76,Wet,33,80,12,0
AF6310,Lockheed L-1011 TriStar,124,44,-148,22,145,Icy,10,70,13,0
NH4441,Airbus A350,177,35,-215,35,272,Snowy,20,107,15,0
LX5647,McDonnell Douglas MD-90,139,67,-147,10,56,Dry,31,79,17,0
SQ8037,Cessna 172,177,49,-244,22,358,Wet,13,74,5,0
CA7341,Fokker 100,143,34,-131,8,312,Icy,34,48,29,0
LX5080,Boeing 747,147,38,-118,5,144,Icy,24,83,10,0
NH581,Beechcraft King Air,140,40,-167,17,230,Wet,34,85,22,0
AA8166,Hawker 4000,163,64,-165,19,151,Icy,21,99,15,0
EK1451,Airbus A350,161,42,-188,27,281,Snowy,9,42,25,0
BA3861,Sukhoi Superjet 100,174,60,-259,14,44,Snowy,8,70,25,0
AA5046,Hawker 4000,174,37,-298,22,87,Snowy,14,105,24,0
NH1609,Airbus A340,140,34,-202,13,172,Snowy,20,114,12,0
KL937,Mitsubishi MRJ90,122,55,-166,31,97,Wet,15,47,21,0
EK9094,Boeing 747,177,46,-256,8,211,Dry,22,105,3,0
NH3709,Embraer 195,143,35,-280,10,90,Dry,25,114,23,0
UA2367,McDonnell Douglas MD-80,154,40,-210,16,34,Snowy,27,74,8,0
AF7119,Lockheed C-130 Hercules,140,39,-177,16,81,Icy,31,114,25,0
OZ6546,Beechcraft King Air,120,34,-182,8,16,Dry,7,65,29,0
AV5039,Boeing 737,131,63,-129,10,303,Snowy,24,64,13,0
EK5248,Lockheed L-1011 TriStar,121,49,-285,6,219,Snowy,19,51,1,0
AF6697,Airbus A310,139,56,-255,12,345,Dry,28,65,11,0
CX4063,Bombardier CRJ1000,179,66,-211,37,358,Icy,35,101,12,0
AA5766,McDonnell Douglas MD-90,178,62,-178,5,337,Icy,28,89,25,0
LH1635,Boeing 787,168,46,-166,18,333,Dry,31,87,25,0
LA7039,Bombardier CRJ700,128,68,-186,13,130,Icy,38,74,10,0
KE3346,Embraer 175,177,46,-131,19,152,Snowy,36,69,4,0
SQ9375,Lockheed C-130 Hercules,129,48,-143,21,37,Icy,24,114,14,0
DL1840,Cessna 172,173,66,-141,19,129,Dry,22,47,13,0
MU7874,Airbus A310,142,42,-102,39,248,Dry,19,72,17,0
LA5597,Airbus A380,160,54,-235,29,236,Dry,37,46,25,0
OZ1931,Cessna 172,147,44,-169,36,101,Snowy,22,86,3,0
OZ8345,ATR 72,125,47,-114,3,108,Icy,5,95,28,0
AA4365,Mitsubishi MRJ90,170,59,-181,6,357,Icy,9,49,23,0
BA9578,Airbus Beluga,126,39,-210,28,77,Snowy,35,43,12,0
AV2524,Gulfstream G650,129,58,-290,38,156,Wet,5,66,24,0
CX3997,Boeing 767,169,63,-108,0,270,Icy,5,79,21,0
AA4205,Antonov An-225,138,64,-263,39,89,Dry,12,92,25,0
AV3895,Embraer 195,166,41,-268,5,198,Wet,19,93,2,0
JL382,Beechcraft King Air,153,43,-192,14,39,Dry,29,79,2,0
SQ7974,Embraer 195,158,61,-268,15,154,Dry,16,74,23,0
AV9730,Boeing 777,140,52,-142,17,273,Wet,33,84,11,0
LH129,Airbus A380,163,43,-265,28,12,Icy,8,85,15,0
CA7500,Fokker 100,156,60,-192,21,62,Wet,25,64,4,0
UA5414,Sukhoi Superjet 100,166,62,-291,5,191,Dry,30,106,18,0
UA7157,Embraer 175,169,55,-175,34,305,Wet,11,111,2,0
LA9384,Bombardier CRJ1000,177,69,-182,30,95,Dry,34,108,18,0
CX6382,Antonov An-225,155,69,-168,18,108,Icy,30,50,9,0
UA6619,Boeing 747,163,43,-231,17,343,Snowy,32,106,20,0
AF7192,Boeing 767,124,47,-135,35,255,Snowy,16,119,13,0
CA1886,Embraer 190,135,58,-229,1,172,Snowy,22,41,8,0
LA1473,Antonov An-124,130,55,-183,15,183,Icy,18,65,29,0
AF9052,McDonnell Douglas MD-90,169,33,-159,4,52,Icy,35,107,6,0
OZ8971,Boeing 787,139,41,-135,12,181,Dry,21,118,4,0
DL574,Bombardier CRJ700,147,30,-161,7,54,Wet,35,91,10,0
OZ6483,Sukhoi Superjet 100,165,67,-183,12,79,Icy,5,71,26,0
MU1276,Dassault Falcon 7X,139,48,-216,4,225,Dry,11,58,18,0
KL594,Boeing 777,149,63,-203,13,260,Snowy,23,51,18,0
BA9182,Sukhoi Superjet 100,158,56,-134,21,293,Dry,27,116,22,0
CX7715,ATR 42,145,46,-200,6,45,Wet,33,47,2,0
SQ2146,Airbus A380,164,33,-283,20,324,Dry,29,106,20,0
QF7632,Antonov An-225,161,54,-176,28,259,Icy,6,119,7,0
BA7317,Embraer 190,139,36,-118,2,348,Dry,20,64,25,0
NH6587,Boeing 757,134,38,-261,29,282,Wet,13,110,9,0
BA1945,Embraer 190,151,30,-121,10,108,Snowy,33,81,4,0
CX2497,Boeing 747,126,53,-198,24,91,Dry,9,86,4,0
KL3115,ATR 42,160,54,-103,8,357,Wet,38,107,24,0
KE6980,Fokker 100,158,60,-180,30,157,Dry,7,108,15,0
SQ2420,Cessna 172,138,44,-274,13,225,Wet,26,57,9,0
JL1215,Airbus A310,169,44,-122,0,164,Dry,11,47,3,0
JL6852,McDonnell Douglas MD-80,140,41,-254,6,176,Snowy,10,52,9,0
LA589,Embraer 190,174,43,-224,15,163,Snowy,22,58,2,0
CX5159,ATR 42,129,49,-217,4,214,Snowy,15,118,18,0
EK4313,Piper PA-28,177,62,-271,9,58,Snowy,22,89,21,0
LX6168,Cessna 172,177,54,-253,26,264,Dry,9,112,2,0
SQ8976,Mitsubishi MRJ90,176,45,-137,4,62,Snowy,29,117,14,0
OZ4070,Airbus A310,123,41,-121,27,194,Snowy,18,60,7,0
JL7934,Boeing 737,175,66,-208,29,10,Icy,8,115,7,0
LH7252,ATR 42,122,41,-215,16,176,Dry,39,117,13,0
AA7254,Lockheed C-130 Hercules,170,47,-142,14,134,Icy,13,56,12,0
AA607,Gulfstream G650,175,30,-123,11,315,Icy,27,83,18,0
BA8476,Beechcraft King Air,125,54,-177,32,250,Dry,13,82,25,0
AV4003,Airbus A330,158,56,-286,12,258,Dry,30,42,25,0
CA5141,Bombardier Q400,121,48,-144,0,344,Icy,14,56,11,0
JL3322,Piper PA-28,145,42,-132,31,296,Icy,37,77,24,0
DL1053,Mitsubishi MRJ70,161,39,-137,36,113,Dry,38,84,12,0
OZ4095,Antonov An-124,155,48,-297,27,340,Snowy,32,77,27,0
MU6045,Embraer 190,135,57,-225,19,236,Snowy,15,54,9,0
JL6898,Bombardier CRJ700,169,67,-126,25,248,Dry,10,99,8,0
UA1234,Embraer 195,128,31,-226,36,25,Wet,8,92,3,0
KL3415,McDonnell Douglas MD-80,169,44,-210,29,181,Dry,38,88,21,0
CX5525,Bombardier CRJ900,148,60,-294,18,221,Snowy,30,113,10,0
LX1729,Bombardier CRJ900,165,56,-195,1,218,Snowy,32,103,7,0
MU8646,Embraer 170,163,35,-233,27,88,Wet,13,64,11,0
NH3278,Airbus A340,170,62,-248,29,123,Dry,36,117,15,0
JL8967,Boeing 787,157,55,-186,8,297,Icy,21,80,9,0
AF2397,Piper PA-28,168,64,-124,16,224,Dry,5,88,23,0
BA867,Airbus Beluga,157,49,-117,13,78,Dry,35,46,15,0
LX4086,Airbus A310,176,42,-207,23,39,Snowy,36,96,22,0
EK7931,Boeing 747,128,35,-139,8,241,Dry,38,77,1,0
NH2314,Airbus A320,161,65,-155,17,269,Wet,24,45,3,0
AV5031,ATR 72,179,64,-254,24,328,Snowy,16,52,18,0
JL7040,Embraer 175,153,60,-136,14,41,Dry,22,60,15,0
KE2210,Airbus A330,177,31,-104,16,62,Dry,12,50,18,0
AF7043,Boeing 777,178,62,-273,8,296,Icy,10,90,29,0
DL7712,Airbus A330,131,33,-280,23,33,Icy,39,114,21,0
LA779,Lockheed L-1011 TriStar,174,53,-187,10,0,Wet,29,55,2,0
BA9097,Airbus A380,135,47,-126,32,294,Dry,14,57,28,0
LH9624,Mitsubishi MRJ70,146,52,-149,37,275,Dry,17,96,11,0
AA5586,Airbus A380,149,56,-243,15,353,Wet,14,44,1,0
MU7378,Dassault Falcon 7X,138,41,-261,12,103,Dry,28,46,11,0
QF7971,Bombardier CRJ900,160,53,-285,17,36,Icy,27,102,28,0
AV2076,Lockheed L-1011 TriStar,152,44,-167,26,168,Snowy,10,84,19,0
AA473,Mitsubishi MRJ70,128,43,-174,26,295,Dry,21,82,7,0
AA906,Mitsubishi MRJ70,152,44,-199,37,232,Icy,22,70,19,0
LA856,McDonnell Douglas MD-90,132,45,-244,6,3,Wet,23,74,22,0
KL9761,Bombardier CRJ1000,120,50,-218,20,227,Dry,23,69,21,0
SQ9216,Airbus A310,144,47,-159,11,253,Icy,15,118,2,0
EK8518,ATR 42,142,35,-247,1,242,Dry,34,54,12,0
DL6046,McDonnell Douglas MD-90,170,31,-108,8,334,Snowy,24,105,5,0
UA6636,Antonov An-225,137,47,-282,4,81,Snowy,22,47,19,0
MU1527,ATR 42,163,46,-241,5,245,Snowy,13,74,26,0
LA7395,Airbus A340,136,57,-198,12,307,Icy,38,109,10,0
LA6760,Antonov An-124,145,45,-127,23,133,Dry,13,95,27,0
LH8571,Boeing 737,145,43,-126,0,203,Icy,28,111,26,0
LH6440,Sukhoi Superjet 100,156,46,-105,21,17,Wet,8,87,26,0
CA2885,Bombardier CRJ900,179,58,-105,16,202,Snowy,15,71,28,0
MU7613,Boeing 757,155,57,-260,1,136,Icy,39,56,6,0
UA2590,Gulfstream G650,173,52,-131,9,93,Wet,10,62,10,0
SQ5118,Bombardier CRJ1000,133,56,-272,6,187,Snowy,23,113,2,0
LX9060,ATR 42,146,47,-290,1,141,Icy,5,108,17,0
DL5402,Embraer 195,159,59,-219,7,277,Icy,24,49,6,0
JL356,Antonov An-124,171,30,-235,20,26,Dry,28,71,10,0
AF7094,Antonov An-225,170,34,-282,35,124,Snowy,23,111,28,0
DL267,Bombardier CRJ1000,139,61,-112,35,279,Snowy,13,67,1,0
KE8707,Cessna 172,133,65,-169,1,258,Icy,39,76,25,0
LA1900,Embraer 195,164,55,-295,16,315,Dry,21,98,9,0
LH8041,Bombardier Q400,161,60,-110,30,219,Dry,14,117,15,0
LX2228,Airbus Beluga,124,38,-225,18,192,Icy,37,95,23,0
QF4716,Boeing 757,163,62,-152,25,243,Snowy,5,109,22,0
SQ8307,Fokker 100,178,41,-101,26,73,Icy,21,46,11,0
LH9778,Airbus A340,159,58,-267,14,181,Icy,13,85,29,0
LH1686,Lockheed L-1011 TriStar,121,57,-201,4,90,Snowy,11,89,21,0
